{
    "N": 1000,
    "dt": 0.0003333333333333333,
    "steps": 1000,
    "D": 4.323693927286266e-12
}