{
    "N": 1000,
    "dt": 0.0011111111111111111,
    "steps": 1000,
    "D": 4.323693927286266e-12
}