{
    "N": 10,
    "dt": 0.0033333333333333335,
    "steps": 100,
    "D": 4.323693927286266e-12
}