{
    "N": 1000,
    "dt": 0.0033333333333333335,
    "steps": 1000,
    "D": 8.647387854572532e-12
}