{
    "N": 1000,
    "dt": 0.0033333333333333335,
    "steps": 1000,
    "D": 2.1618469636431326e-11
}