{
    "N": 1000,
    "dt": 0.0006666666666666666,
    "steps": 1000,
    "D": 4.323693927286266e-12
}