{
    "N": 1000,
    "dt": 0.0033333333333333335,
    "steps": 1000,
    "D": 4.323693927286266e-12
}