{
    "N": 1000,
    "dt": 0.0016666666666666668,
    "steps": 1000,
    "D": 4.323693927286266e-12
}